domain,metric,lag,value_bits
ett,entropy_rate_plugin,,1.9678477888896801
ett,entropy_rate_miller_madow,,1.970333536967207
finance,entropy_rate_plugin,,2.1417169162641034
finance,entropy_rate_miller_madow,,2.1598038493227163
ett_daily,entropy_rate_plugin,,2.2799160045841713
ett_daily,entropy_rate_miller_madow,,2.4272550725898525
ett,mutual_information,1.0,1.744773248922903
ett,mutual_information,2.0,1.4675004750333716
ett,mutual_information,3.0,1.2704538215801096
ett,mutual_information,4.0,1.1108139051482226
ett,mutual_information,5.0,0.981888515046713
ett,mutual_information,6.0,0.878863298652874
ett,mutual_information,7.0,0.7909712011866226
ett,mutual_information,8.0,0.7159129718706809
ett,mutual_information,9.0,0.6511726196412094
ett,mutual_information,10.0,0.5941214427100774
finance,mutual_information,1.0,1.496353539606182
finance,mutual_information,2.0,1.2452397678583649
finance,mutual_information,3.0,1.080912531724156
finance,mutual_information,4.0,0.9491263342473388
finance,mutual_information,5.0,0.8405196495887122
finance,mutual_information,6.0,0.7500829288456241
finance,mutual_information,7.0,0.6695425031178608
finance,mutual_information,8.0,0.6054122413161682
finance,mutual_information,9.0,0.5458232677935423
finance,mutual_information,10.0,0.4906453727693494
ett_daily,mutual_information,1.0,1.5882672970281746
ett_daily,mutual_information,2.0,1.2953615596547818
ett_daily,mutual_information,3.0,1.0783771462010119
ett_daily,mutual_information,4.0,0.9121446170419485
ett_daily,mutual_information,5.0,0.7912946410849925
ett_daily,mutual_information,6.0,0.699006959963878
ett_daily,mutual_information,7.0,0.6287969177019255
ett_daily,mutual_information,8.0,0.5643142706950621
ett_daily,mutual_information,9.0,0.5330560057355657
ett_daily,mutual_information,10.0,0.4878034480682942
