train_domain,eval_domain,cell_type,order,n_eval,accuracy,accuracy_wilson_lo,accuracy_wilson_hi,macro_f1,macro_f1_boot_lo,macro_f1_boot_hi,perplexity,perplexity_boot_lo,perplexity_boot_hi
finance,finance,in-domain,1,6608,0.486228813559322,0.47418944623217313,0.4982841829173586,0.14676912594682462,0.1389073510670313,0.15707044330658615,4.599409390841423,4.478194615282038,4.7275130539713786
finance,finance,in-domain,2,6608,0.4824455205811138,0.47041120774774914,0.49450023160769785,0.16448091191888076,0.15309452491839448,0.17598416513490642,4.885056302613602,4.7553035231286165,5.013494898621044
finance,finance,in-domain,3,6608,0.4621670702179177,0.4501716433185396,0.47420645874061346,0.16584326789575637,0.1559232394393947,0.17806156617164962,5.780217555778576,5.625261431812639,5.937349812437572
finance,finance,in-domain,4,6608,0.4338680387409201,0.4219603435386728,0.44585257886072666,0.16921370542630684,0.15761740000322993,0.18131996793041613,7.2986673699304365,7.111979411258481,7.495220335092545
finance,finance,in-domain,5,6608,0.4075363196125908,0.39574585064535966,0.41943423078721015,0.16933933964254705,0.1581811274830098,0.18043921780815583,9.280292741297835,9.061137478577798,9.51117316571463
finance,ett_daily,cross-domain,1,848,0.46108490566037735,0.4277850336392916,0.49473576020493876,0.12549920805913273,0.115396632725418,0.14019388595608662,5.098079950754987,4.670822397485691,5.565906661558737
finance,ett_daily,cross-domain,2,848,0.4540094339622642,0.42078177572840353,0.4876518897238688,0.13393800468403755,0.12240682108697294,0.15502853931388771,5.540619462454381,5.102920360142338,6.031386297567452
finance,ett_daily,cross-domain,3,848,0.44575471698113206,0.41261987829116553,0.4793788040371556,0.16838345491474294,0.1490428676530925,0.19304611981972097,6.652299261298903,6.146444974258806,7.223536756084046
finance,ett_daily,cross-domain,4,848,0.4186320754716981,0.38586781484850946,0.4521302086439724,0.1542931080788407,0.13363992143622513,0.1787010189284139,8.380099582770681,7.7619138263237675,9.008081770099604
finance,ett_daily,cross-domain,5,848,0.3785377358490566,0.34650990715722124,0.41166105544749804,0.14824666151872387,0.1284453797312085,0.1731380685067352,10.424594326586918,9.758335025817928,11.156486087591501
ett_daily,finance,cross-domain,1,6608,0.4668583535108959,0.454852159626303,0.4789030577775151,0.15727856421641914,0.14755734748213806,0.16774605199854054,5.1220717019841935,4.997194322852268,5.255784960566434
ett_daily,finance,cross-domain,2,6608,0.42993341404358354,0.4180410358321208,0.44190720918143045,0.1616893703511603,0.15190456128045868,0.1711970372613253,6.5004138207878235,6.35005597952027,6.679013763902908
ett_daily,finance,cross-domain,3,6608,0.3908898305084746,0.3791915720052963,0.4027148743333009,0.1735836409503842,0.15996189068771832,0.1877240050670953,9.07124402534848,8.859748781132657,9.280583159333665
ett_daily,finance,cross-domain,4,6608,0.3474576271186441,0.33606854747853765,0.3590239600239671,0.17264283527898863,0.15968030629265303,0.18680029790707564,12.065681236256214,11.812037221294677,12.351370900693231
ett_daily,finance,cross-domain,5,6608,0.3305084745762712,0.319268148589503,0.34194574863550226,0.1701570990666047,0.15835222243717897,0.1827224820991198,13.531730403209828,13.242177261322082,13.813743696057237
ett_daily,ett_daily,in-domain,1,848,0.4540094339622642,0.42078177572840353,0.4876518897238688,0.15253688300778265,0.1315107809639373,0.1795543761064305,5.539087702566108,5.1660692376222705,5.97769160676846
ett_daily,ett_daily,in-domain,2,848,0.43514150943396224,0.40213964410967457,0.4687283456307095,0.17614899218552713,0.14866836726501523,0.20687322075530318,6.985022003119969,6.503739124688058,7.49791079245206
ett_daily,ett_daily,in-domain,3,848,0.4044811320754717,0.3719507079975774,0.4378730587109883,0.20786529006977564,0.178175133227173,0.24273043021774987,9.378475847044164,8.754790984432885,10.000241815129158
ett_daily,ett_daily,in-domain,4,848,0.36792452830188677,0.3361305051960408,0.40090976482074137,0.18796725477878107,0.16027521288675683,0.21948896023842066,11.882446470109507,11.127594745801435,12.621736378872065
ett_daily,ett_daily,in-domain,5,848,0.36556603773584906,0.3338262395304389,0.3985183210223573,0.18931342217809424,0.16138320113089435,0.21789287177434372,13.025292763412482,12.318457458667458,13.794405394518668
