train_domain,eval_domain,cell_type,order,n_eval,n_train,accuracy,accuracy_wilson_lo,accuracy_wilson_hi,macro_f1,macro_f1_boot_lo,macro_f1_boot_hi,perplexity,perplexity_boot_lo,perplexity_boot_hi
finance_equalized,finance,in-domain (equalized),1,6608,1974,0.4783595641646489,0.4663314862182584,0.49041278815957723,0.14736770284554723,0.14009525895561506,0.1561698772116939,5.513634678810213,5.329153964560514,5.689460093682228
finance_equalized,finance,in-domain (equalized),2,6608,1974,0.44536924939467315,0.43342116435788725,0.45738081501552974,0.15572990194111827,0.14779260899892618,0.16417579131666526,6.784273974678538,6.586995918906538,6.980254709052921
finance_equalized,finance,in-domain (equalized),3,6608,1974,0.4137409200968523,0.40191969550419265,0.4256623771906762,0.154198476057181,0.14595152755729746,0.16335460635546423,8.846268543559885,8.590376419518016,9.103551812664278
finance_equalized,finance,in-domain (equalized),4,6608,1974,0.3866525423728814,0.3749800367444499,0.39845675702477235,0.15710323054874686,0.1486155217443387,0.16654866653601472,11.109711218648883,10.824566920988907,11.442376216532066
finance_equalized,finance,in-domain (equalized),5,6608,1974,0.37636198547215494,0.3647559320636577,0.38811170546565404,0.15730840316300518,0.1485310644313927,0.16641717560011546,12.67965622009599,12.35485803105515,13.025810928853119
finance_equalized,ett_daily,cross-domain (equalized),1,848,1974,0.455188679245283,0.4219485153145691,0.48883300486969616,0.1378781550919029,0.12161541784092189,0.16072477488708037,5.758674475629168,5.266991669246538,6.2839903419236744
finance_equalized,ett_daily,cross-domain (equalized),2,848,1974,0.4186320754716981,0.38586781484850946,0.4521302086439724,0.13335495686207222,0.11893960609619089,0.15493831484773943,7.341867379137255,6.768747600262005,7.992744227608516
finance_equalized,ett_daily,cross-domain (equalized),3,848,1974,0.40212264150943394,0.3696339295236588,0.4354941277209208,0.14909009224718575,0.13071132499412955,0.1756867369709944,9.640515169305857,8.982383985185164,10.467598662457027
finance_equalized,ett_daily,cross-domain (equalized),4,848,1974,0.38089622641509435,0.34881869035176016,0.41404798171694523,0.17072038603925113,0.14705048044282756,0.20307005398037226,11.977371562557186,11.107338688714336,12.863731957462125
finance_equalized,ett_daily,cross-domain (equalized),5,848,1974,0.3632075471698113,0.33152280574429543,0.3961260453445146,0.15898090408012544,0.13570545217296176,0.18848841190506618,13.568125870224199,12.790768324089544,14.483628814706355
