domain,token,count,proportion
ett,C0_V0,1,5.743165632896853e-06
ett,C0_V1,125,0.0007178957041121066
ett,C0_V2,1267,0.007276590856880313
ett,C0_V3,2631,0.01511026878015162
ett,C0_V4,1477,0.008482655639788651
ett,C1_V0,930,0.005341144038594073
ett,C1_V1,10248,0.05885596140592695
ett,C1_V2,16729,0.09607741787273145
ett,C1_V3,10302,0.05916609235010338
ett,C1_V4,2503,0.014375143579140822
ett,C2_V0,14030,0.08057661382954284
ett,C2_V1,32877,0.18881805651274983
ett,C2_V2,29464,0.16921663220767286
ett,C2_V3,10683,0.06135423845623708
ett,C2_V4,2175,0.012491385251550654
ett,C3_V0,907,0.005209051229037445
ett,C3_V1,6828,0.03921433494141971
ett,C3_V2,12177,0.06993452791178498
ett,C3_V3,7037,0.04041465655869515
ett,C3_V4,1165,0.006690787962324834
ett,C4_V0,2,1.1486331265793706e-05
ett,C4_V1,209,0.0012003216172754422
ett,C4_V2,2678,0.015380197564897771
ett,C4_V3,6073,0.034878244888582585
ett,C4_V4,1602,0.009200551343900758
finance,C0_V0,0,0.0
finance,C0_V1,32,0.0014530923621832712
finance,C0_V2,363,0.016483516483516484
finance,C0_V3,456,0.020706566161111616
finance,C0_V4,234,0.010625737898465172
finance,C1_V0,54,0.0024520933611842702
finance,C1_V1,821,0.037280900917264555
finance,C1_V2,1793,0.08141858141858142
finance,C1_V3,996,0.045227499772954316
finance,C1_V4,234,0.010625737898465172
finance,C2_V0,678,0.03078739442375806
finance,C2_V1,3788,0.17200980837344473
finance,C2_V2,4979,0.22609208972845338
finance,C2_V3,1785,0.0810553083280356
finance,C2_V4,410,0.018617745890473162
finance,C3_V0,75,0.003405685223867042
finance,C3_V1,930,0.04223049677595132
finance,C3_V2,2050,0.09308872945236582
finance,C3_V3,1170,0.053128689492325853
finance,C3_V4,256,0.01162473889746617
finance,C4_V0,0,0.0
finance,C4_V1,19,0.0008627735900463173
finance,C4_V2,270,0.012260466805921352
finance,C4_V3,396,0.017982017982017984
finance,C4_V4,233,0.010580328762146944
