from_token,ett_row_total,finance_row_total,kl_ett_vs_finance_bits,kl_finance_vs_ett_bits,frobenius_row
C0_V1,125,32,0.31134906860650313,0.2862450893668089,0.30479583330485344
C0_V2,1267,363,0.15064223595848458,0.1446141763981451,0.2053314857362885
C0_V3,2631,456,0.3359900190115921,0.3405687910292379,0.27896555655204536
C0_V4,1477,234,0.7007492690401715,0.6577884167678587,0.3715705560738147
C1_V0,930,54,0.22171326063963137,0.40784786753981583,0.09751812236558212
C1_V1,10248,821,0.2585452946415544,0.27209857228223255,0.20673267664017334
C1_V2,16728,1792,0.2728415635900203,0.31424360194814005,0.2272577965391521
C1_V3,10301,996,0.43648913222448765,0.46399504538702374,0.34342574915339347
C1_V4,2503,233,0.6958456754276714,0.7215184250472384,0.3867224540691217
C2_V0,14029,678,0.07925065979740586,0.10797573638106978,0.13166844715556186
C2_V1,32877,3788,0.03500537639211412,0.043783659719393034,0.05732070141769492
C2_V2,29464,4977,0.05749187827822551,0.05920072257115239,0.09735822756915768
C2_V3,10683,1783,0.04679793982531106,0.051316218190735625,0.10518134619940647
C2_V4,2175,410,0.059240255231762386,0.08127969275835457,0.08532870876892283
C3_V0,906,75,0.277454326167629,0.38278555606031733,0.16391565523702192
C3_V1,6828,930,0.15811111098289873,0.1402322498845202,0.14880039510337578
C3_V2,12177,2050,0.24639721652931934,0.21625816725895597,0.2594614754181125
C3_V3,7037,1169,0.271939294217679,0.24076297646939127,0.20654583806164323
C3_V4,1165,256,0.08848301686079674,0.09449551094953591,0.11518124307262981
C4_V1,209,19,0.7154341709136325,0.7177650097080606,0.2927666706369063
C4_V2,2678,270,0.7352423484682054,0.6503998446974211,0.3950082840432442
C4_V3,6073,396,1.2374859767809585,1.1560828911047416,0.5485024618646719
C4_V4,1602,233,1.32844486980514,1.0301952471297482,0.5264206301999723
