domain,from_token,row_total,flag,kl_vs_marginal_bits
ett,C0_V0,1,sparse,3.633495011168002
ett,C0_V1,125,sufficient,1.127801148826748
ett,C0_V2,1267,sufficient,1.2585987760302741
ett,C0_V3,2631,sufficient,2.1605852212836854
ett,C0_V4,1477,sufficient,4.033956210927349
ett,C1_V0,930,sufficient,2.6850443671487536
ett,C1_V1,10248,sufficient,1.413317682035065
ett,C1_V2,16728,sufficient,1.2139286255219612
ett,C1_V3,10301,sufficient,2.0913746093579855
ett,C1_V4,2503,sufficient,3.8097271761901474
ett,C2_V0,14029,sufficient,2.9960450326436447
ett,C2_V1,32877,sufficient,1.3661503080468043
ett,C2_V2,29464,sufficient,1.0878396101631334
ett,C2_V3,10683,sufficient,1.861694262653407
ett,C2_V4,2175,sufficient,3.9002372080179994
ett,C3_V0,906,sufficient,2.669186728926282
ett,C3_V1,6828,sufficient,1.3973582812814858
ett,C3_V2,12177,sufficient,1.260563100684327
ett,C3_V3,7037,sufficient,2.0162118101718156
ett,C3_V4,1165,sufficient,3.8940929305512224
ett,C4_V0,2,sparse,2.8600813252508095
ett,C4_V1,209,sufficient,1.4300723494206191
ett,C4_V2,2678,sufficient,1.7101418693533836
ett,C4_V3,6073,sufficient,2.749576508769382
ett,C4_V4,1602,sufficient,4.405779946110166
finance,C0_V0,0,undefined,
finance,C0_V1,32,sufficient,1.7014845122778155
finance,C0_V2,363,sufficient,0.9423963118238665
finance,C0_V3,456,sufficient,1.7374997855061578
finance,C0_V4,234,sufficient,3.946619767477828
finance,C1_V0,54,sufficient,3.840334753175746
finance,C1_V1,821,sufficient,1.4784960045575029
finance,C1_V2,1792,sufficient,0.842233681212248
finance,C1_V3,996,sufficient,1.6762464866388025
finance,C1_V4,233,sufficient,3.3938914193444423
finance,C2_V0,678,sufficient,3.835715850669326
finance,C2_V1,3788,sufficient,1.5566222401603358
finance,C2_V2,4977,sufficient,0.844897792353325
finance,C2_V3,1783,sufficient,1.7189688934345693
finance,C2_V4,410,sufficient,3.358791294489066
finance,C3_V0,75,sufficient,3.8052257471842155
finance,C3_V1,930,sufficient,1.521138858170067
finance,C3_V2,2050,sufficient,0.8988754648756572
finance,C3_V3,1169,sufficient,1.6228887891698425
finance,C3_V4,256,sufficient,3.64429296825574
finance,C4_V0,0,undefined,
finance,C4_V1,19,sparse,1.6556806704812927
finance,C4_V2,270,sufficient,0.9671277961379223
finance,C4_V3,396,sufficient,1.8977022562857662
finance,C4_V4,233,sufficient,3.76806652024721
