,C0_V0,C0_V1,C0_V2,C0_V3,C0_V4,C1_V0,C1_V1,C1_V2,C1_V3,C1_V4,C2_V0,C2_V1,C2_V2,C2_V3,C2_V4,C3_V0,C3_V1,C3_V2,C3_V3,C3_V4,C4_V0,C4_V1,C4_V2,C4_V3,C4_V4
C0_V0,0.0,0.0,0.0,0.0,0.0,0.0,0.0,0.0,0.0,0.0,1.0,0.0,0.0,0.0,0.0,0.0,0.0,0.0,0.0,0.0,0.0,0.0,0.0,0.0,0.0
C0_V1,0.0,0.016,0.056,0.008,0.0,0.0,0.192,0.072,0.0,0.0,0.0,0.424,0.024,0.0,0.0,0.0,0.088,0.08,0.0,0.0,0.0,0.008,0.032,0.0,0.0
C0_V2,0.0,0.0007892659826361484,0.08997632202052092,0.05367008681925809,0.0015785319652722968,0.0,0.003946329913180742,0.2951854775059195,0.021310181531176007,0.0,0.0,0.0031570639305445935,0.31886345698500396,0.0031570639305445935,0.0,0.0,0.0,0.13970007892659828,0.007892659826361484,0.0,0.0,0.0,0.03235990528808208,0.028413575374901343,0.0
C0_V3,0.0,0.0,0.004180919802356519,0.2025845686050931,0.03268719118206005,0.0,0.0,0.011402508551881414,0.35917901938426455,0.009882174078297225,0.0,0.0,0.009882174078297225,0.19384264538198404,0.0003800836183960471,0.0,0.0,0.0034207525655644243,0.10528316229570506,0.0011402508551881414,0.0,0.0,0.0,0.05739262637780312,0.008741923223109084
C0_V4,0.0,0.0,0.0,0.014895057549085985,0.3195666892349357,0.0,0.0,0.0,0.037914691943127965,0.33039945836154366,0.0,0.0,0.0,0.006770480704129994,0.13134732566012186,0.0,0.0,0.0,0.006093432633716994,0.07244414353419093,0.0,0.0,0.0,0.002031144211238998,0.07853757616790792
C1_V0,0.0,0.005376344086021506,0.005376344086021506,0.001075268817204301,0.0,0.08064516129032258,0.05591397849462366,0.0,0.0,0.0,0.7236559139784946,0.02795698924731183,0.0,0.0,0.0,0.03870967741935484,0.05806451612903226,0.0,0.0,0.0,0.0,0.0032258064516129032,0.0,0.0,0.0
C1_V1,0.0,0.00195160031225605,0.007903981264637002,0.00117096018735363,0.000195160031225605,0.0022443403590944573,0.29898516783762685,0.02146760343481655,0.0,0.0,0.010245901639344262,0.5493754879000781,0.02302888368462139,0.0,0.0,0.0004879000780640125,0.06733021077283373,0.01092896174863388,0.0,0.0,0.0,0.00078064012490242,0.0039032006245121,0.0,0.0
C1_V2,0.0,0.0001793400286944046,0.015184122429459589,0.007173601147776184,0.00047824007651841227,0.0,0.024868483978957436,0.373206599713056,0.01093974175035868,0.0,5.9780009564801534e-05,0.02606408417025347,0.4518770923003348,0.001135820181731229,0.0,5.9780009564801534e-05,0.0013749402199904352,0.0741869918699187,0.0014347202295552368,0.0,0.0,0.0,0.009265901482544237,0.002510760401721664,0.0
C1_V3,0.0,0.0,0.0024269488399184546,0.07465294631589166,0.011261042617221629,0.0,0.0,0.03931657120667896,0.5042228909814581,0.012717211921172701,0.0,0.0004853897679836909,0.023881176584797593,0.24405397534219977,0.00038831181438695275,0.0,0.0,0.0033006504222890982,0.06212989030191243,0.0004853897679836909,0.0,0.0,0.00019415590719347637,0.018930200951363944,0.001553247257547811
C1_V4,0.0,0.0,0.0,0.009188973232121454,0.14143028365960847,0.0,0.0,0.0007990411506192569,0.08190171793847383,0.46823811426288453,0.0,0.00039952057530962844,0.001997602876548142,0.025169796244506593,0.18377946464242909,0.0,0.0,0.0,0.002796644027167399,0.049540551338393926,0.0,0.0,0.0,0.0007990411506192569,0.03395924890131842
C2_V0,7.128091809822511e-05,0.001924584788652078,0.001354337443866277,0.00028512367239290045,0.0005702473447858009,0.05203507021170432,0.027728277140209565,0.0,0.0,0.0,0.8242925368878751,0.011119823223323116,0.0,0.0,0.0,0.04889870981538242,0.027728277140209565,0.0,0.0,0.0,0.00014256183619645022,0.0023522702972414286,0.0005702473447858009,0.0003564045904911255,0.0005702473447858009
C2_V1,0.0,0.0014904036256349425,0.004897040484229096,0.00045624600784743136,0.00012166560209264836,0.0012774888219728078,0.1588648599324756,0.01715484989506342,0.0,0.0,0.03187638774827387,0.6419381330413358,0.004836207683182772,0.0,0.0,0.001703318429297077,0.11108069471058794,0.01776317790552666,0.0,0.0,0.0,0.00203789883505186,0.004471210876904827,3.041640052316209e-05,0.0
C2_V2,0.0,0.0,0.010249796361661689,0.0050909584577789845,0.00030545750746673907,0.00016969861525929948,0.010691012761335867,0.23846049416236764,0.004480043442845506,0.0,0.00033939723051859896,0.04649742058104806,0.5201262557697529,0.001323649199022536,0.0,3.3939723051859896e-05,0.005973391257127342,0.13402796633179473,0.0033600325821341297,0.0,0.0,3.3939723051859896e-05,0.015238935650285093,0.0035297311973934292,6.787944610371979e-05
C2_V3,0.0,0.0,0.0006552466535617335,0.03650659926986802,0.005616399887672002,0.0,0.0002808199943836001,0.01890854628849574,0.21997566226715343,0.002714593279041468,0.0,0.000748853318356267,0.054011045586445754,0.4503416643265,0.0002808199943836001,9.360666479453337e-05,9.360666479453337e-05,0.013011326406440139,0.15473181690536367,0.001310493307123467,0.0,0.0,0.0011232799775344005,0.03734905925301882,0.002246559955068801
C2_V4,0.0,0.0,0.0,0.003218390804597701,0.060689655172413794,0.0,0.0,0.0018390804597701149,0.02436781609195402,0.18804597701149425,0.001379310344827586,0.002758620689655172,0.004137931034482759,0.03494252873563218,0.4473563218390805,0.0,0.0004597701149425287,0.0,0.011954022988505748,0.15310344827586206,0.0,0.0,0.0,0.0009195402298850574,0.06482758620689655
C3_V0,0.0,0.004415011037527594,0.0,0.0,0.0,0.05518763796909492,0.04525386313465784,0.0,0.0,0.0,0.5993377483443708,0.025386313465783666,0.0,0.0,0.0,0.12582781456953643,0.13024282560706402,0.0,0.0,0.0,0.0,0.011037527593818985,0.002207505518763797,0.0011037527593818985,0.0
C3_V1,0.0,0.002050380785002929,0.006151142355008787,0.0007322788517867604,0.00029291154071470416,0.0007322788517867604,0.0987111892208553,0.01947861745752783,0.0,0.0,0.011716461628588167,0.5396895137668424,0.005125951962507323,0.0,0.0,0.0008787346221441124,0.22891036906854131,0.04657293497363796,0.0,0.0,0.0,0.011862917398945518,0.027094317516110134,0.0,0.0
C3_V2,0.0,0.0,0.015685308368235198,0.00681612876734828,0.0004106101667077277,0.0,0.0020530508335386386,0.10240617557690729,0.0050094440338342774,0.0,0.0,0.023322657468998934,0.34565163833456514,0.006323396567299007,0.0,0.0,0.00845856943417919,0.36741397717007473,0.011168596534450194,0.0,0.0,0.00016424406668309106,0.07563439270756343,0.029481809969614848,0.0
C3_V3,0.0,0.0,0.0004263180332528066,0.035810714793235755,0.004263180332528066,0.0,0.0,0.004405286343612335,0.1145374449339207,0.0008526360665056132,0.0,0.0002842120221685377,0.020747477618303253,0.2781014636919142,0.0004263180332528066,0.0,0.0,0.02628961205058974,0.34034389654682395,0.0008526360665056132,0.0,0.0,0.00625266448770783,0.1620008526360665,0.004405286343612335
C3_V4,0.0,0.0,0.0,0.004291845493562232,0.07124463519313305,0.0,0.0,0.0,0.010300429184549357,0.13047210300429185,0.0,0.0,0.0017167381974248926,0.03347639484978541,0.3098712446351931,0.0,0.0,0.0008583690987124463,0.02317596566523605,0.2669527896995708,0.0,0.0,0.0,0.012875536480686695,0.13476394849785409
C4_V0,0.0,0.0,0.0,0.0,0.0,0.0,0.5,0.0,0.0,0.0,0.5,0.0,0.0,0.0,0.0,0.0,0.0,0.0,0.0,0.0,0.0,0.0,0.0,0.0,0.0
C4_V1,0.0,0.0,0.028708133971291867,0.0,0.0,0.0,0.06220095693779904,0.04784688995215311,0.0,0.0,0.004784688995215311,0.3444976076555024,0.009569377990430622,0.0,0.0,0.004784688995215311,0.19617224880382775,0.11961722488038277,0.0,0.0,0.0,0.009569377990430622,0.1722488038277512,0.0,0.0
C4_V2,0.0,0.0,0.014563106796116505,0.012322628827483197,0.0003734129947722181,0.0,0.0011202389843166542,0.08289768483943241,0.006348020911127707,0.0,0.0,0.004107542942494399,0.18035847647498132,0.0048543689320388345,0.0,0.0,0.0022404779686333084,0.31030619865571324,0.01717699775952203,0.0,0.0,0.0003734129947722181,0.21882001493651979,0.1441374159820762,0.0
C4_V3,0.0,0.0,0.0,0.02272353038037214,0.0018112958998847356,0.0,0.0,0.0009879795817553103,0.04215379548822658,0.0006586530545035403,0.0,0.0,0.006092540754157747,0.08842417256710028,0.00016466326362588507,0.0,0.0,0.014490367199077885,0.2725177013008398,0.0006586530545035403,0.0,0.0,0.007409846863164828,0.5168779845216532,0.02502881607113453
C4_V4,0.0,0.0,0.0,0.0,0.05742821473158552,0.0,0.0,0.0006242197253433209,0.0024968789013732834,0.05305867665418227,0.0,0.0,0.0,0.008739076154806492,0.10861423220973783,0.0,0.0,0.0,0.020599250936329586,0.16104868913857678,0.0,0.0,0.0006242197253433209,0.05805243445692884,0.5287141073657927
