domain,from_token,row_total,flag
ett,C0_V0,1,sparse
ett,C0_V1,125,sufficient
ett,C0_V2,1267,sufficient
ett,C0_V3,2631,sufficient
ett,C0_V4,1477,sufficient
ett,C1_V0,930,sufficient
ett,C1_V1,10248,sufficient
ett,C1_V2,16728,sufficient
ett,C1_V3,10301,sufficient
ett,C1_V4,2503,sufficient
ett,C2_V0,14029,sufficient
ett,C2_V1,32877,sufficient
ett,C2_V2,29464,sufficient
ett,C2_V3,10683,sufficient
ett,C2_V4,2175,sufficient
ett,C3_V0,906,sufficient
ett,C3_V1,6828,sufficient
ett,C3_V2,12177,sufficient
ett,C3_V3,7037,sufficient
ett,C3_V4,1165,sufficient
ett,C4_V0,2,sparse
ett,C4_V1,209,sufficient
ett,C4_V2,2678,sufficient
ett,C4_V3,6073,sufficient
ett,C4_V4,1602,sufficient
finance,C0_V0,0,undefined
finance,C0_V1,32,sufficient
finance,C0_V2,363,sufficient
finance,C0_V3,456,sufficient
finance,C0_V4,234,sufficient
finance,C1_V0,54,sufficient
finance,C1_V1,821,sufficient
finance,C1_V2,1792,sufficient
finance,C1_V3,996,sufficient
finance,C1_V4,233,sufficient
finance,C2_V0,678,sufficient
finance,C2_V1,3788,sufficient
finance,C2_V2,4977,sufficient
finance,C2_V3,1783,sufficient
finance,C2_V4,410,sufficient
finance,C3_V0,75,sufficient
finance,C3_V1,930,sufficient
finance,C3_V2,2050,sufficient
finance,C3_V3,1169,sufficient
finance,C3_V4,256,sufficient
finance,C4_V0,0,undefined
finance,C4_V1,19,sparse
finance,C4_V2,270,sufficient
finance,C4_V3,396,sufficient
finance,C4_V4,233,sufficient
