frobenius_norm,symmetrised_kl_bits
0.909944536997058,0.3677939856887136
0.8990576611150686,0.38172311303915996
0.8113983517527719,0.32174634808634395
0.8531458706626465,0.3250432760918073
0.8241678864820495,0.3162029430846729
0.8597292350587522,0.3542024010596512
0.7950105491871897,0.31184156724545353
0.8685615306209811,0.3533135196817286
0.8539000850336584,0.34926693336396575
0.8246195365465432,0.3268328899792889
0.9223259554822608,0.3594804943485882
0.8777186989443468,0.36062862209239555
0.8781351905749414,0.3403827453310311
0.9266966089459081,0.383344750831193
0.8481022416445816,0.33983300105373027
0.8337490229698281,0.3209937427046925
0.8273190959067028,0.32670422924094683
0.7805945067737274,0.3019448858140583
0.8796579184384551,0.34683910308466104
0.8453549968377598,0.307761580072973
0.8987679852545094,0.3498230476960229
0.8112114000641255,0.3098683663917481
0.8834860684776309,0.3375547429640705
0.78573002131295,0.2961165569765777
0.8406669163909227,0.3144965853364512
0.8409533711630867,0.33245200896074034
0.895872214015947,0.3712460834964243
0.8608352134245564,0.33872672769079454
0.7734613127382916,0.30594259980826566
0.8121019178706149,0.32849500139459886
0.8857158102852918,0.35284379702447993
0.7967815983406354,0.33083007235737527
0.9238076119091682,0.3537463637083657
0.9262802908932147,0.3530148424154944
0.9213930677508252,0.37214349423115006
0.9116361661716954,0.3616362649749642
0.8580534999477984,0.330256972276833
0.902335026926118,0.35696845901385765
0.8829977419409455,0.34431288014857214
0.8104245752239038,0.3040703684020476
0.7932864992420969,0.3188930127251679
0.8242199277550932,0.32750235051487364
0.8481059892610778,0.3404073996643767
0.9571204855686408,0.3679709107362855
0.9207618725126385,0.36148041295583394
0.8640513812887847,0.3476097384889161
0.8669270419013706,0.32161627937142623
0.8269805534551858,0.34271435352030033
0.8443551586519794,0.3143378278424072
0.9372053239066762,0.35257672717414335
0.8779444412369465,0.3386539183786751
0.8524979826498369,0.3241019242964238
0.8587585586148044,0.3537655528192682
0.795595126019425,0.3294273818862313
0.8228051234134819,0.3172830072356022
0.8719600664489258,0.3456203303333283
0.8710810519738356,0.34658315588143973
0.9248519177388889,0.34308786137337577
0.9047427626134076,0.3489085985471284
0.7867748041256114,0.2948481353289284
0.9418875546522906,0.38272506748127944
0.7936361330199143,0.32671654615872336
0.9487421434051444,0.37843636348602355
0.9506516110363006,0.3714435288483826
0.8481799854487277,0.32541724245321385
0.8181514277169178,0.3029837120361568
0.8763919948245144,0.3534818546766315
0.9046516630317469,0.34445479865881196
0.8242332587504407,0.32299092871847535
0.8752634641036207,0.3307363736076643
0.8225260610110267,0.31825127140489995
0.8004359711606841,0.31906331595428583
0.7944297604625961,0.3079370411640845
0.8960516304228334,0.3618290143961842
0.8991685625362067,0.3350142051098688
0.8624685227373412,0.3530822223610893
0.8467220047340971,0.33083290221834427
0.8348065395708918,0.34444200810013414
0.932096072871439,0.3528349215702142
0.8865808329400546,0.33589741123358885
0.8444974045495017,0.331791932095748
0.866705151800272,0.3574695914234848
0.9241298539771207,0.36392146370831807
0.8162743271261736,0.3224454697242687
0.8775558659066703,0.3585145283471757
0.936306432307799,0.3938526673872143
0.8369130879914454,0.3078257709861059
0.9073916984202766,0.36198050873153853
0.9050463918012887,0.36386764514466075
0.8802021249314508,0.3240583593072871
0.9076899745333913,0.3588038717987563
0.9283487306312138,0.35716337707680224
0.8803875971648615,0.3587582280662107
0.8390611204261301,0.320565539657657
0.8740643561989936,0.3360835133502047
0.9760631488160675,0.35886699575498227
0.8115860495985632,0.3188973018664808
0.8771627196233531,0.3624358047132003
0.853331361139647,0.33024298411553976
0.8810709985745806,0.35867417056443857
0.9733380637126783,0.36701837240430657
0.9530657905724178,0.4011201602831713
0.8453551780527476,0.3539432576284878
0.8881667958198887,0.34824218265284396
0.9182888689148552,0.3653566557155518
0.8655583782000675,0.33843610464042817
0.8689942942708628,0.3371723562204326
0.8350801046176992,0.332508581951704
0.9022207187531132,0.35181857943697936
0.8750799615800732,0.3719675743937421
0.8204796401075763,0.3117456882260424
0.8675316628420358,0.321197379318027
0.8270506746648447,0.31904514680354734
0.9022474462072032,0.35561926386308285
0.8049791137928884,0.32013256266804385
0.815445106546907,0.32898561641349683
0.9256031187192904,0.3778266742031116
0.8164575546410403,0.3290042034967274
0.8720958164946145,0.3380053212635109
0.9396663655197081,0.3549143064577977
0.8672503351298836,0.3449932423871419
0.8650713994263579,0.3511966353073196
0.8730736157425605,0.3498682207141603
0.9007292015789199,0.3518551907973418
0.8956192124762233,0.35288753008481166
0.8443597022088161,0.334127557959634
0.8936796330464527,0.316886612606867
0.8625876314420605,0.37524570295367776
0.8789175509219862,0.34309353299581813
0.9300809832710046,0.3494599222535477
0.8956061107244061,0.3487258440850505
0.9653248834515916,0.36891501029229934
0.9400486364162993,0.4020944242580166
0.947403540742854,0.36332782718561474
0.8551693644647964,0.33722202163224624
0.8711005925046585,0.3478917700124674
0.81180370196179,0.32571490394235386
0.8544720797885018,0.34445353648340604
0.8739734896643943,0.3428200183255485
0.8217600973613456,0.3140962406469814
0.8115208337231661,0.32386926394454596
0.8429313747316901,0.3332311869291992
0.8143173918972281,0.32125401496547823
0.8536582235429213,0.3290383256891406
0.8283757224490733,0.33407918247898744
0.894867654088129,0.34503279821856236
0.9078206575025408,0.35196127152856954
0.8541147311486015,0.3374956797306224
0.881731419826375,0.37889185654651863
0.8401332898088776,0.3164149254478656
0.9180483792596847,0.3448436267382136
0.8741276471088124,0.33348958608834217
0.8845454023618363,0.33379221827271177
0.8501196918433616,0.328985780891918
0.8955522014904065,0.34567821939079624
0.9278259812450734,0.3523394291871754
0.8914055446072395,0.3299314943490673
0.8415591002303974,0.32235916816999916
0.9191379397543293,0.36978289498334205
0.9488526907778857,0.3654782227328688
0.8769199737714264,0.36330001159640213
0.8608973825406275,0.35408844221310337
0.8346207439503119,0.329646520158565
0.8566980224917845,0.31808073209276405
0.8374570889675182,0.34399822013513304
0.9402076295899737,0.38190542017861295
0.9613705522872609,0.3715731630317881
0.9042666895202826,0.3461216663410023
0.93247786478639,0.35024451688824587
0.8722731395381453,0.35035591624866125
0.8896086887786894,0.3523220607328893
0.8672216143950364,0.33543125420533004
0.8325585282639564,0.3470701673669162
0.8598187648828663,0.3421108556696083
0.935652769058871,0.3498097233952018
0.8166989252816067,0.33851185466373296
0.8471047824273538,0.3156682834861081
0.8784455635287358,0.33625421751337425
0.8206712500327736,0.30547781416829306
0.7992717353507749,0.32761844000415663
0.8959215635748298,0.3366955298528309
0.8412216297024899,0.3181603866007999
0.9479613568252209,0.35529894393574424
0.8784651003292301,0.32316217307786177
0.9048171728195192,0.35361377106982356
0.8228464935818499,0.33375905352514823
0.8470525715220151,0.32362792287812137
0.8783770418978364,0.35244551298350935
0.8675662239691337,0.3673967233435171
0.8514333987883528,0.3460955377265299
0.8139349844251405,0.3150783582580153
0.8259352880703241,0.3327277882456566
0.9224479272706536,0.3499192706442608
0.8381914857101174,0.328741298315661
0.8661010323710457,0.34278531699030634
0.8507600744618797,0.3307118364511421
0.8785204711266026,0.3391203382459861
0.8193048659789169,0.33156485329956176
0.9188199629381206,0.4021102688240369
0.8730518544436341,0.3550082459557664
0.8484211279733652,0.3281096886696995
0.8572142449779426,0.3251531972096594
0.9006546942891954,0.3628716920716091
0.9138690528448123,0.3528760794549279
0.8520167611771976,0.3277265218343628
0.8795818603782437,0.3463908566063697
0.820758168622007,0.3099327060387146
0.9019934421203227,0.3412560097521429
0.8477998755686185,0.34481809688231085
0.8975725176852936,0.3608924394390419
0.8041488233031958,0.33313813265735587
0.922435838617417,0.33296655642950246
0.9435514178059228,0.3608274159834547
0.901553627160959,0.3662814570681894
0.8039980862825308,0.3360318470312833
0.8603509826957377,0.3345200959988548
0.8869492783710851,0.3372382850190657
0.8682357507014232,0.34277641894125827
0.880971889061922,0.34038584525020144
0.971290091557242,0.3876877941475547
0.8487136444611775,0.3642542688148329
0.8746586875674263,0.34133675933212504
0.8996580871797575,0.34201215368851823
0.8766387453774487,0.3426386070716453
0.7820245677519438,0.3075156728001019
0.8204407145334205,0.31845350681863205
0.8464168244540667,0.3428990841800913
0.9044462725733935,0.3424926943905843
0.8685563764469425,0.3302895666269569
0.8722186619444203,0.36607321849205393
0.9276913812675875,0.3519606089135287
0.8523409632913411,0.33010925687463255
0.8237773598600387,0.33344269241409585
0.8670245291583375,0.34873511291255155
0.8748429490176064,0.35169300131709813
0.9138779117575846,0.3513452709904391
0.866468001055069,0.3169363700600036
0.8116762770958376,0.3267511508980492
0.9257845137015748,0.36352385476696125
0.8832706975885785,0.33216555062175146
0.8865534421668492,0.36123044118710684
0.9259412087242741,0.39427495662997225
0.8514585722111555,0.3396569720784164
0.8702573169723017,0.35265369525578566
0.8811216789619012,0.34569015911519996
0.8072632703424302,0.30887348277686183
0.8705523876427371,0.32462084841759714
0.886360868805414,0.3745349428691266
0.8304942422696412,0.32438463751465657
0.8188442818375177,0.31258163037130454
0.8839848445028433,0.3760289185291442
0.8440395996763532,0.3497196975256033
0.8656444977540177,0.3572030015178158
0.8278311450746866,0.30816799371294035
0.8835706736125054,0.34282644345670044
0.8418111929495914,0.3288310447836862
0.88648750422691,0.3430317522578231
0.8719375804659939,0.343769255927297
0.8577816866775682,0.3379210097283266
0.8916495240339616,0.34802952479023663
0.8617011354867407,0.3282391452099741
0.781271577461763,0.32183282979497974
0.8327149044041645,0.3434034518596014
0.8337012802760138,0.3197361024156702
0.8795661053406959,0.3310529249670997
0.8179881007720505,0.3239171661732901
0.8440793808523149,0.3365783756741049
0.788228263278317,0.30308209590610136
0.8897263959865022,0.3465568551872023
0.7901195489103082,0.3123913182137319
0.8288448355839353,0.32941706209659616
0.8363636960903942,0.3292417715682837
0.8631650356182432,0.35497606487790684
0.8561146579775594,0.32812053729933804
0.8809154030933195,0.33757774873915325
0.9471643591574243,0.3929080949279846
0.8695831311481693,0.36971451797137533
0.9337410296934067,0.3529733450345708
0.8041096733434522,0.3129466442442336
0.848009753745175,0.3192638321607324
0.9278193082925249,0.3675918259884599
0.8978188427391064,0.34364280207510267
0.8875356019005153,0.3465741930797896
0.8161114556586028,0.32216955445604656
0.9470495801414811,0.37345524923037043
0.9589976450684012,0.3710747320713813
0.9028022525659228,0.3299531016674305
0.8795856976046775,0.3448345787432834
0.8863858081779968,0.3449884319244599
0.8926815001608865,0.3619716548772003
0.8894792081202539,0.37335258992874415
0.8307155215463421,0.2996749196140236
0.8957960223345908,0.3670966047526549
0.8866883683332697,0.355837226260706
0.9160312556940802,0.3855471372288126
0.9051032538732253,0.37013824786833666
0.8263287634363494,0.3280245648716645
0.8567420493581251,0.3496983120084912
0.8594830780787749,0.3398229129485259
0.8849161280836568,0.33986104896575225
0.8669197265975287,0.35748470669932764
0.8023006534818717,0.31476150093018523
0.9165199224328606,0.3605806742863077
0.7899095410109406,0.31645308537662975
0.8329062641183691,0.31283084833661023
0.851511668277056,0.34346034457260255
0.8763976785836215,0.37008147478968073
0.8601632113123482,0.3525098590562191
0.8716269676484801,0.33868559402239595
0.8180115017365981,0.3212112293081651
0.8322258398557815,0.2932969668712659
0.9294704353808713,0.3487357337339463
0.9715051037630695,0.35227784201443413
0.7692777952111449,0.295569746721821
0.8261202264435852,0.337032784777769
0.8762532094647616,0.3436835647905726
0.9518633308415176,0.38079193607243034
0.87392817320328,0.34472990141883086
0.8850113724916867,0.3561271414552387
0.9186455012265795,0.3720418057707272
0.9346100917548311,0.35395356626174923
0.886403146260148,0.35681389358179755
0.9193692409761293,0.3665817931606581
0.8728869753250436,0.34896485070784694
0.8660590876781936,0.3447237675265208
0.8690603114069727,0.3604197161183387
0.8416224177652054,0.34971281223210116
0.852149550470848,0.3308407519240036
0.8385429579656493,0.34161313252543934
0.9408348470668141,0.3408723147400553
0.8690598867533045,0.33379549811136006
0.8116749113508469,0.3223571538538824
0.8104918829104761,0.32458925112959225
0.8961423643342342,0.3567579432939783
0.7732692887166058,0.30822541638535605
0.8210323641987223,0.31774476461499956
0.7820238556011848,0.31350274246645093
0.9462662944224645,0.38264295156066797
0.7806744049959006,0.2991650711457038
0.8392129057688273,0.33363243074863524
0.8389636143276895,0.32462167691084665
0.7713844953070664,0.2784429969142602
0.8784764144881346,0.35092351085333345
0.8221751545058021,0.32685294445119983
0.9353382610864711,0.35763865103254017
0.9675432907301432,0.38865859075772846
0.8207700423274931,0.3307786629431155
0.8905849458583572,0.3229083956772259
0.9011573232263066,0.3478367373602645
0.9120643966401282,0.3245236161022125
0.8624308604317585,0.3482321111357457
0.904931411815261,0.3522076513303187
0.8208421708010742,0.33050655143188035
0.8871655227370238,0.35443106376824385
0.8414951273512427,0.323065710259389
0.8784972753204106,0.36437470625037544
0.8717585016718006,0.3425722968715843
0.9303823892892463,0.3720134600523027
0.8880440701211584,0.3822299673496371
0.904695072810248,0.3359782481383494
0.8982058870557227,0.34387851526775925
0.891006683732419,0.3745862723161599
0.874678302155679,0.33444138397513046
0.8787603202129133,0.34778599701568014
0.8974798853021683,0.3496681421187414
0.8095554390839549,0.3186040950519182
0.8281066286106049,0.33458865085325334
0.7891301014294241,0.3132189726309835
0.8922564812541824,0.35444655188254404
0.9277960103090656,0.35044449274534806
0.9202708779459499,0.36361304043007286
0.7964718199536343,0.31313871205362054
0.7920216442515727,0.29148382919349736
0.8508015447199285,0.3439056274833011
0.8611590693578484,0.34492297612512723
0.8932903088944,0.34782359552016323
0.8480285862168833,0.32436109942106245
0.8686903658995955,0.348080409306213
0.8674558772630367,0.33600145750102417
0.8952035284536066,0.348953135682892
0.9319843976407781,0.36296119793913384
0.896794972146452,0.3722647943258471
0.8267171218347714,0.3452532724039439
0.8760403141509666,0.34154739263217365
0.885817280723828,0.34258152065455716
0.8264158451857797,0.32059913561372255
0.886650667165341,0.361985168143525
0.856954452759959,0.35109214604971833
0.8409593589749808,0.3282007119522411
0.8705440236893981,0.34722409361029305
0.767457437179944,0.3049153739642075
0.9074115128687108,0.34137146788353945
0.8133345093503018,0.309195036932047
0.9137122275638391,0.3837107489589275
0.8481167074669553,0.3313757220032917
0.8370058612526882,0.31503765737345824
0.8757376364743961,0.3402994739207229
0.8343423716495966,0.3103708444844755
0.8245327270195635,0.3131348389824684
0.8345548587957767,0.3082209141628823
0.8420597642232862,0.32661697009725654
0.786647978106001,0.3227877000361714
0.888445685107729,0.3529429268107789
0.8140166439940965,0.3132070727548868
0.9264114886111324,0.37158176937547394
1.0250540368847396,0.38323113928195657
0.8684411058508152,0.3447667598830979
0.9698319208518036,0.33616033408934587
0.8066576066725955,0.31445700224607775
0.9263973113035315,0.37439747117350497
0.8467125728808188,0.34785456481403576
0.867120289347351,0.3576782193764408
0.9084953305582963,0.33756870152594
0.8799278357243956,0.34984828889004416
0.8527906376810017,0.31286722332984085
0.8364862053630518,0.3314534253511029
0.9381657520480864,0.3514255859435579
0.8838416301772353,0.3646425941982996
0.8554261423976783,0.3275784672242703
0.8420064288784779,0.3506383718133814
0.8654645491513367,0.32728484543580216
0.8683988266958962,0.3571764951695221
0.902081591568411,0.3505752019900487
0.8604097176575919,0.33432079416824445
0.7723124256426803,0.30402006397869596
0.8939768861291574,0.36430277432325153
0.8287182286691613,0.3204970987352077
0.9015141860557288,0.3513262582289017
0.8234734470037567,0.3261603792585879
0.8018324010569575,0.3300821463179262
0.8904459240448079,0.3489627399838404
0.8320533613188218,0.3245898516576896
0.8630995469945929,0.36803722588791277
0.8852707489983626,0.3501271772957075
0.8011865743558975,0.31887411814034794
0.818547266431691,0.3374875921707388
0.855072122407672,0.35048756645930534
0.9276546800334938,0.3556469129446259
0.8771588342399734,0.35765223608951424
0.9239379137128668,0.3421309217339756
0.7725556701762707,0.3008002943417142
0.8836500456626577,0.359166835259231
0.9354436604754216,0.38291424912113403
0.8852928091894653,0.37351244889889856
0.8634465127540529,0.3179027190192034
0.92360719960007,0.3760478600584532
0.8885993051125617,0.34966040663217457
0.8507408428942018,0.3364097216857881
0.9025550396166774,0.35354354441206803
0.9158681484768622,0.3580498602660006
0.8428410709837678,0.3122550001793602
0.8460791275548317,0.3405767719832252
0.9638473317257327,0.37797000278031856
0.8059803426312296,0.3263563318193291
0.9598689479599235,0.34000355441157915
0.8936832955020725,0.3487631134906761
0.8588366183043938,0.3377962512052776
0.8790831779442937,0.34108032625404994
0.8856019787830278,0.35421410865876796
0.8620199763696985,0.3490984279535617
0.8543112369970063,0.3523572374978199
0.8124872064709692,0.32194587160725163
0.8836574563252694,0.3780910467964702
0.8227044655045292,0.3313226823870803
0.879623255465683,0.3563819231921903
0.9356524014895217,0.35695386386775846
0.8594207988094497,0.33580414031016137
0.9530343351423128,0.3792138713495846
0.8937174613484087,0.36892438709505115
0.840794491650653,0.35101237417494946
0.853183467326205,0.3335652122546696
0.8736350202299047,0.35527031983779744
0.8620895948983778,0.3539017622293644
0.8652733678143614,0.3269876665135123
0.878380485737059,0.3491891726498661
0.814393871418663,0.3011860943237532
0.9044372692066458,0.3598061322084546
0.8267374092311245,0.31208827893789387
0.9558208680415321,0.34030780786218634
0.8640056246385364,0.35297134215534415
0.8619921602571806,0.3302141791825034
0.804965996993018,0.3269762499824971
0.7948968237729398,0.3237064409901462
0.8323926832058129,0.34364308002339117
0.9072544205373193,0.36992270862745397
0.8780194215864905,0.3688192376580941
0.8736920860497944,0.35051095004570576
0.863342009660122,0.3415188447722569
0.8718381438264922,0.3136068484785476
0.9034615600564012,0.3591394915158458
0.849220137012753,0.3394266164239256
0.8370998292517181,0.3412820896014328
0.7894898738528455,0.29376300872602124
0.825315634160109,0.30677118252096824
0.92745795958233,0.3581743829577181
0.8845041185863531,0.3652579782840125
0.9138507214414691,0.35452823500622455
0.8242475599366846,0.342190028155962
0.834134662899477,0.356075379998278
0.8284178961754977,0.3456758797086361
0.8583999492891895,0.33213211260052017
0.8767765619776497,0.340397913777479
0.9326440579580669,0.35868489528135883
0.8766483994544683,0.3486628108512949
0.8217674389092442,0.3468129680133724
0.8759097044983979,0.3423557842742257
0.877577306046953,0.3406390174937959
0.834348910999973,0.3401804829040132
0.9451283685744027,0.37642604625512344
0.8008576097216854,0.3171572580011164
0.8730466111584008,0.3437935398335894
0.8045271966511172,0.3166516661514304
0.8285141481533973,0.32690330814712804
0.866661389486394,0.3513928773422549
0.8778620600931528,0.341599071437671
0.8788183840928327,0.3604666871814773
0.8366214661944934,0.3368881194224894
0.9180118470545807,0.33665347709140286
0.9479049132169602,0.3721203744553663
0.81150604596093,0.3243837578305755
0.8764597925148517,0.36614132817594525
0.8432124635769129,0.3310757827493954
0.8076520275194543,0.32445237859326104
0.8615748320496178,0.338929587586251
0.9134520750703496,0.36531867951228597
0.8053897667101888,0.33303437174186595
0.8731302415908369,0.3373883058347271
0.798768987914411,0.30527212152599115
0.8186733918015314,0.33018300672109935
0.8135467329711069,0.305652749855993
0.8422395892761058,0.31861610633091697
0.8373474014767796,0.3178905520798697
0.8480432623193354,0.31906445271374395
0.861611966618995,0.3178041465292673
0.8042597286649648,0.3191712061052582
0.8241588055354973,0.3096646563107764
0.921283281451718,0.3502576493286065
0.9281498687987783,0.39193466374561925
0.8673985949563132,0.3289403498138612
0.8286093695791611,0.3268439548153032
0.8923979505832279,0.34520600083445535
0.890992028708931,0.33988854625096865
0.8329547065684316,0.32601348900819815
0.8597700227760474,0.3424108692496487
0.8835916234327104,0.3495681753360973
0.8215292739512444,0.3064903403446007
0.850512349490863,0.32868757514752034
0.7862039548282244,0.3100616457380111
0.8595795163924679,0.32622590343196334
0.8363593950223351,0.33641676595201436
0.811934683779781,0.308388184789141
0.8775885085537758,0.3244269277459575
0.8620401245812709,0.3327086409857758
0.8347535546224506,0.34376632550324393
0.8658918077090808,0.33407191188427665
0.9186920798669262,0.36089683316944665
0.8600259231674124,0.36298975492283675
0.8380966211575314,0.35764581786206284
0.8893133229943287,0.3619940147363601
0.8459090283101551,0.3614447481995714
0.8705266325030075,0.32561532842851326
0.8845176431175894,0.33798410033019965
0.8411982368232763,0.34227898626026365
0.9689441274914948,0.3746493985460026
0.7888118937504586,0.31659863203375727
0.8729385512906057,0.3548935873544028
0.9081952086200558,0.3499049826077614
0.8133520934747116,0.3332162450467959
0.8545733585678306,0.33432870025857164
0.9214306766092856,0.3489542186810842
0.799128102755066,0.3159389808975581
0.8712414747086018,0.33560769611562363
0.9199435435899854,0.3592592650339163
0.7941762368566331,0.30973181349215817
1.0031144541959949,0.35724587807377595
0.787615431791487,0.3221211678985303
0.8574294162513919,0.3401440087136338
0.8391926080116782,0.3468709953596171
0.9202153419836369,0.3752159159872766
0.9487741221794728,0.37561094179595117
0.9445573713320427,0.3576324425320102
0.7785338466776736,0.31448392189989727
0.9002864092986906,0.35039726752801637
0.8322516907610281,0.30754507306055184
0.8408225333655911,0.32171843165079594
0.8790959431413189,0.3552839608123938
0.8368396939121846,0.35413132198823893
0.8508122069813567,0.3344272988938178
0.8733010684013037,0.35224809297133886
0.8198703761427777,0.3283923594473118
0.8288791958374294,0.3281019434629211
0.9177288593810017,0.35226797458455716
0.917763759656548,0.3541441573701836
0.8520413901804039,0.32772492211225723
0.9015693902721709,0.3693626584246765
0.8678879885194053,0.3251606757257748
0.8987539580975411,0.33389585478361483
0.9149233803634077,0.36156305352748797
0.8299654153494037,0.3245931596634037
0.879203116420706,0.35947898396450806
0.8726649053240603,0.34713411175210673
0.9097504877411403,0.3372233392925371
0.8558991015751067,0.35256180634323464
0.8103793624322411,0.30964521581724147
0.8254571473090743,0.29569844516845867
0.7963881072194962,0.319213363875963
0.8221863978797289,0.32942377363571274
0.9068753851902418,0.3563841298086361
0.8730998763365729,0.3392630928414203
0.8402143831539323,0.3207157527494208
0.8738616159254037,0.3313004814521237
0.8738287442507828,0.34614698683970524
0.766794793330431,0.2911960105865792
0.8479932105017726,0.34937367372414585
0.8985672858141445,0.34014311019243954
0.9135801563336737,0.3491912187096745
0.7719035386752539,0.3124003803598693
0.9273956313972225,0.3499494661010717
0.8595580229408122,0.33950663088938426
0.8481136117373907,0.3302815987494093
0.8207866239950008,0.327621966755894
0.8664432662592179,0.34934108206665593
0.8710217713676974,0.3493248337984506
0.8492797057167741,0.3413470455747909
0.7799790738686346,0.3290148162487934
0.7991388138907531,0.3074128882030725
0.8403904494515643,0.33614843412167583
0.8216260971299012,0.32112942030019004
0.8655168821777224,0.33914104775557025
0.8590964946643722,0.3435483888568536
0.7920077692950377,0.2982824548165353
0.9102635410428185,0.3638961151102314
0.8073946528485726,0.32996991330202585
0.9144041755465347,0.3645337085746158
0.8396657560794645,0.3543590330539884
0.8486693676581233,0.32766167601680785
0.875549254012484,0.33939133966877294
0.9064239976752534,0.3669904778779183
0.9322032328722936,0.3735519180017518
0.9122930366225641,0.35151498433159417
0.9334480533686506,0.3656980171755705
0.8161829836010085,0.3201169781356116
0.8822491713605102,0.3672001477052821
0.8849519577890469,0.32296674608645237
0.8185006034447313,0.32986786796534473
0.9514290926460814,0.3814773883694862
0.8351285009638773,0.3281825782480696
0.8504491844228393,0.36115355816588224
0.8923326396820294,0.34102396012577896
0.8755726062224354,0.3581724082709874
0.8543297768011426,0.32746544296688085
0.8799555967903,0.3679144339680728
0.8962525025626012,0.3726447335199182
0.8138647733070627,0.30106668730621744
0.9001659379593256,0.32681475917976527
0.8034733842583931,0.32916991688120634
0.8579050281016373,0.32671449093760085
0.8399265379117774,0.3179712932548078
0.8280056872014167,0.31631048643771503
0.8275335364796472,0.3406813091799381
0.8127852318808437,0.3260290013591443
0.8204752232399509,0.3140856509652429
0.843786764683265,0.3206878170492792
0.921054342994677,0.36392297410723873
0.9233533406431215,0.3799050015426353
0.956245153903977,0.36243032938336467
0.8713189451285115,0.3317343090653263
0.8400599547116434,0.32554756306900373
0.9288842475420721,0.34468057381386075
0.822182898860372,0.33556766354973244
0.943378630600812,0.3782493222646689
0.86110863803175,0.33421604666258614
0.8905613927546299,0.3554484534278788
0.9277422070599032,0.3633762495907509
0.8833596820629723,0.32767906893333554
0.989097583872681,0.37618414717436066
0.975787132098352,0.351617623255371
0.9381830263819991,0.3679121168180993
0.8827711549845636,0.3266984985570005
0.9755948394403163,0.3835648967875201
0.8850178876712742,0.3676639110769398
0.9164331946283424,0.3477402245158356
0.8336251656757866,0.34408296941247696
0.8785360113780857,0.3331718603909346
0.8830876016422253,0.35842878157311353
0.8686370134960383,0.3380837357102082
0.9023628579509173,0.3523828367705506
0.8395479145594787,0.34211610425225253
0.8870625872704154,0.3576747130746749
0.8927488680809308,0.3460535454257202
0.912189929988506,0.38621518303805036
0.8358095165527473,0.33856920789165407
0.8744479314889192,0.3482506742008754
0.8586538165079567,0.3608580599134702
0.8945280335889884,0.35497371210592177
0.7964888456606444,0.33052625913317346
0.8625279958061526,0.32853451001364575
0.858663180556792,0.32676082017073715
0.8609083675312234,0.32282603914736807
0.8660224982209423,0.3723258638686167
0.8275572461435025,0.3187475960829845
0.8525017738150412,0.3255170673443173
0.8772072245462907,0.33618487949014364
0.8951622546949383,0.34245080216828916
0.8788899441595778,0.32328723736531206
0.963333202364785,0.3480812879278118
0.8139407783316468,0.3266011519970975
0.8621656721970992,0.30159707524830465
0.8760978963598343,0.3487406321348198
0.7895046333250395,0.32905720495402546
0.8612890386387785,0.3307065450428807
0.9419827731737336,0.3658724858745316
0.7935714682902358,0.3161018463778831
0.9099381436147836,0.3444745743399724
0.8982038132507818,0.3746932781170496
0.9684207618830935,0.3588575020508873
0.9178528670826916,0.3640873168783759
0.8463018096662727,0.3574787023732223
0.8209937584209618,0.32538198181105826
0.7990952892551129,0.32893133040915234
0.8287325671653588,0.32400452459906265
0.813417834825746,0.34194553934329375
0.7802394166683594,0.2991280755049892
0.92130990258949,0.3746769360580023
0.8591163189093081,0.3274966514362161
0.8246128303952505,0.3108401169184978
0.8898925614385242,0.3365181613938651
0.8934169380148853,0.35900293758882285
0.8446477320201455,0.33189128278957813
0.8167775272991482,0.31747374642725035
0.8481479766793509,0.3450163344523527
0.892186144429199,0.3571669516337929
0.8967573468257388,0.3712696483994265
0.8389370353146752,0.3619285329862706
0.853186049375459,0.34539748021725225
0.8755086268631148,0.347827544471388
0.8187508533521969,0.3223572273249391
0.8553322882628106,0.32471461760015663
0.892160882988892,0.3451668360101472
0.8337964896490455,0.3173855413146436
0.9681552000870983,0.36222692120179445
0.8838449576105236,0.3491248893641358
0.862478495685798,0.3428523105573801
0.8368231598914965,0.3307490299690099
0.8556279844841904,0.3449164434288894
0.8927725373402039,0.35413322208545617
0.9018690009364092,0.3544641182136807
0.8718532562799318,0.35014338623501307
0.8654911093213249,0.3233735788667042
0.85890806022124,0.3412824622746823
0.8863756977647289,0.3346743342565761
0.8727758876241068,0.33733255195012823
0.9047469418491415,0.36779838646866253
0.8254050049284777,0.33196437625274144
0.8246820989200354,0.336455405078061
0.8822469766452289,0.3365781958000108
0.9253242295014328,0.3605423354784748
0.8565772922464518,0.3243624357145716
0.8803880824513797,0.33770035258408176
0.9668029839546299,0.3779268698461504
0.9044850693754133,0.34795883863329546
0.8131066168060819,0.32695161383878657
0.8339788966553339,0.34683324466973775
0.8902969155053926,0.34494829562750634
0.8762027576283931,0.34559677491323443
0.8573675670207308,0.34757343793522066
0.8405824931899806,0.3114717352238282
0.8801626748590208,0.332450213833938
0.8762454246960293,0.35447379338020435
0.9031337837013375,0.3519198087913143
0.8571643791018579,0.3469341405554214
0.8809889367195475,0.3028766586269697
0.9755705237177507,0.37717701410759996
0.8407964468564761,0.30891510185461585
0.8944934815370366,0.3408984197381705
0.8001000382958035,0.3019983246500659
0.8933074804811154,0.3363195519812753
0.8729486434871376,0.3173522217173958
0.8914280216747612,0.35458705365706644
0.9518987298862674,0.3971944217654305
0.7978774710503427,0.3143275968425431
0.8726890848329079,0.33748521280496535
0.8525270505479475,0.3067561439430403
0.8627309258998604,0.35300794616673814
0.8719522852459088,0.3305695660452681
0.8796071952250437,0.35922232431183687
0.8689332150031903,0.35940812408466727
0.9154288792273769,0.36088928931342645
0.8401248238391633,0.35107696695805524
0.8864730414916752,0.3432369246257069
0.8774907280898939,0.341428916690624
0.7892967417776193,0.3041627428602359
0.8077850473112905,0.30277788285809926
0.9097607991557233,0.3469712876240562
0.823766839204024,0.33854091806897907
0.9603267201846212,0.3569289176276359
0.8451962173017121,0.31570951192198776
0.8545432827468491,0.3289071576223967
0.896844969498446,0.36340875903896275
0.837548146929251,0.34371190974987786
0.854537847710656,0.35950426011347864
0.8621004449464852,0.32729826308547794
0.8955994457244696,0.35991331961430173
0.9911621138423264,0.3815216222260357
0.7689777178097801,0.3151235864181071
0.8828689718888507,0.35706236981231754
0.9050326516098666,0.3772338405936018
0.8034992841080545,0.317400810894856
0.798066563245532,0.31518100065939425
0.8527793998498974,0.2960167621105695
0.8965847620782048,0.36029349039034797
0.8209889799831936,0.31035272346232723
0.8277125946874663,0.3277517628396723
0.862309497119949,0.340764514912693
0.8336063939439546,0.34968282975873055
0.8852099458301632,0.36432161784289724
0.8922489162727318,0.3547873268788154
0.8279442274179266,0.32108537919333774
0.8065780519996208,0.33270901554887516
0.8325558610677674,0.3456605689465271
0.8468145207557406,0.33575345227113607
0.9257710766224956,0.36410517608956305
0.7883563003813786,0.32033045144135797
0.8921340241323314,0.3414337103903574
0.8274761706392675,0.3373591019302703
0.8026745623574167,0.29972081199410494
0.9379092572821358,0.3766299062513075
0.8303713888481457,0.3374244065093672
0.8587338878606466,0.3543859781205654
0.9518083215210806,0.3935391467277284
0.8428936136858811,0.334895614011539
0.833213081119321,0.31942384511354316
0.8214354521685475,0.31672176879764313
0.8240128259265851,0.3389695760919501
0.9574606924672058,0.3655056288492955
0.8408929495338169,0.3223362402825256
0.854366598258925,0.32974870729762396
0.9246756145318845,0.3713291630347605
0.8428222833304705,0.3224251393914915
0.8250194670692601,0.3261759218411523
0.8911448829590014,0.34730722549878046
0.8201929398838584,0.31801888466626427
0.887825120564492,0.34528128296993266
0.8835947812742724,0.36241607940379
0.8291513384550677,0.3426788214656643
0.893812169141665,0.3543260351397304
0.9061653930576309,0.3525690505234701
0.8890754668156676,0.35450101603112794
0.9168800972965876,0.3472179999014209
0.9045106880641383,0.35198512572047486
0.8333299754910094,0.3235671520055995
0.8794611220877684,0.3415285632183511
0.8141006968219601,0.31040372718372505
0.9242927028155,0.358831146320729
0.9114206467311162,0.3575079686161102
0.9303863552190241,0.3745325313172878
0.8545246998790537,0.35332867848037275
0.9415112427083621,0.3723725381235886
0.9337081330474356,0.335643385602881
0.8734979936843601,0.35456813487790384
0.8697684991273801,0.3305123854632652
0.881828225044996,0.3645585955344487
0.9215042696532639,0.37601862070941006
0.8684800063747017,0.34907328617169725
0.9824530749893183,0.39542726699611364
0.8465165592737688,0.3334595013122947
0.8118836723119366,0.33066661351985505
0.8970382667411105,0.3509914227966715
0.943025986028627,0.36178879250058404
0.8600141786629261,0.33567748179849927
0.8414496382525017,0.32251811814599435
0.8472582582108416,0.3280274175295226
0.9057000617834868,0.34223195510603277
0.8288066538062329,0.3154619485886872
0.9455180588722343,0.37683132480371845
0.8363518942076575,0.34879146202940536
0.992928563821995,0.39741565897985065
0.8926926591401344,0.33075795124441626
0.907837294201421,0.36848512614461404
0.9105452342254825,0.37279469973645407
0.8574756251283773,0.30903767380196023
0.8735658786250365,0.34368225374502215
0.7857795089650967,0.3121616437464332
0.8150739888723425,0.346651095929453
0.9105643804055732,0.362258732367397
0.8423631165762187,0.334927028816805
0.9134927883100894,0.3739556413477997
0.9110707585479331,0.34341185044224454
0.8919459198287776,0.3423999259326582
0.8461483872344596,0.3469171161400846
0.8664595248315423,0.3288162625017935
0.9434512642243971,0.3832139668554684
0.8848974596923007,0.33559640745625835
0.8691648230493824,0.34420253745843105
0.8428561264158541,0.33024490370246895
0.8429556695994102,0.33467573605250744
0.9030718973832006,0.36025639324017156
0.8267839520975295,0.33474688051354584
0.7596317244290817,0.30241416425069706
0.8613549980851855,0.3191870880836174
0.8109900743697557,0.3209715382615861
0.8572238688194562,0.33005543901432594
0.8466546943046768,0.3294075271594946
0.7747627421538834,0.3021777787618208
0.8627073387531732,0.3228988546551582
0.8494571208113246,0.33478773343514556
0.9340138217993613,0.3580774616098269
0.8479480357465272,0.3371903074191341
0.8156981763626244,0.305087796613917
0.8533953145199116,0.3423610861294264
0.9158109473606865,0.3222217294927743
0.8733694677529901,0.3166194073518812
0.8779864461341943,0.3596044561011414
0.8974671825453663,0.32772880476087873
0.8994926994527133,0.34755629585574144
0.8646097190316763,0.32901355309851454
0.8634996880359167,0.32834151326885463
0.8759884068910077,0.352386176916354
0.9135137615441168,0.35383463983516483
0.8623425961164087,0.33546829661816413
0.9401341685636806,0.3763305122283969
0.9836621640000355,0.3795801589049202
0.8267059017915139,0.3393735506440021
0.822586146038156,0.33167634257772927
0.8512381469558196,0.316681407281418
0.9672289553265568,0.35071249434792295
0.8949241534990421,0.352654771755256
0.962271511300883,0.3660087933858077
0.9094634882100335,0.35881192133770984
0.8833361883357403,0.34819942026867723
0.8563507080736393,0.3466421734020637
0.8576108345967912,0.3364166029686181
0.8214277053991893,0.32036805272094504
0.8592674087798801,0.31745592553308327
0.8256509374069432,0.3449845526467995
0.8771773536481586,0.3573986933105986
0.8494385726044252,0.3315849164409934
0.8775093630199684,0.3716136355287162
0.9504301284044487,0.3665097378363696
0.8932491671283358,0.34436829082554765
0.8906942719628408,0.3347725200375833
0.8106208705274084,0.33624878770940025
0.8707357902935857,0.34567403617630316
0.8614818925051569,0.32543122818012904
0.8792779624624762,0.3561142075138078
0.9760486470969779,0.3780775965982044
0.8569907015188176,0.3214739537771983
0.8662215586612512,0.3344863831153777
0.8966651651846628,0.3424302933105699
0.8467389738355848,0.3448209596423252
0.9022575826513698,0.35796869156792244
0.8581523495684903,0.3392252456055451
0.7887442714135556,0.302941843063123
0.9132726795453535,0.3563122628713929
0.8134307945991825,0.3170377716371438
0.839576963725679,0.31096261390628255
0.8593564222614773,0.3535704349069347
0.9056326671371457,0.35134533002087787
0.8881630767165686,0.33741485236766217
0.9649326500011589,0.3772276057628299
0.8063716665287217,0.3423345468014094
0.8418131656437698,0.34057484747685385
0.8406038976997174,0.3416220325395207
0.9097515663608967,0.3553923000840935
0.8461394738629494,0.3248798902029203
0.8101165209857144,0.2899929511077938
0.9579843417408362,0.3597008797146549
0.8608129480525246,0.33851881879276813
0.8711904384554152,0.33917597304609004
0.8663784278728065,0.346714885148817
0.8683282149044277,0.3064437973210151
0.9745606907226995,0.36967923629544647
0.8665540897962669,0.33374299918384676
0.8663234414756701,0.35129014469878805
0.9108276026927163,0.3855841287223178
0.8834304399760325,0.36154671030224095
0.8331681886013461,0.3227800162158402
0.8460450447307442,0.34874802708877173
0.8948601498718556,0.3546970296649826
0.8388143256593831,0.3230851788904049
0.8426590389117482,0.34137449424783317
0.9483503626698774,0.3686524155649116
0.8194176526635015,0.3243774778737807
0.8179972707325541,0.31899177328490946
0.8868118053439012,0.342423334322302
0.8541611143563448,0.3270188391814005
0.8877431368857065,0.31097396204869726
0.8374194459666394,0.34617606691527947
0.8602049575042218,0.3258308628740957
0.8645364145189643,0.34943560839649906
0.8795314112895425,0.3503666206296533
0.9370411131257056,0.3392780867516981
0.8742880365979105,0.35617860587754824
0.9316770560405265,0.3658441264946468
0.9294281426576972,0.35499076264275925
0.8080307905691417,0.3053243898545511
0.8852449317555162,0.3467542606450221
0.8961548073710395,0.3642923538181467
0.908350058027214,0.3644495965191151
0.8105778817698723,0.3129302452083876
