comparison,replication,frobenius_norm,symmetrised_kl_bits,n_common_rows
noise_vs_noise,0,0.10959688324112116,0.007993291248916422,5
noise_finance_vs_real_ett_daily,0,0.3190814344423712,0.07376905224607941,5
noise_ett_daily_vs_real_finance,0,0.37192606911783155,0.07944585416993594,5
noise_vs_noise,1,0.11726707807823442,0.010619926064801513,5
noise_finance_vs_real_ett_daily,1,0.32779327906806255,0.07879882322694495,5
noise_ett_daily_vs_real_finance,1,0.29143238973077945,0.04826200912198779,5
noise_vs_noise,2,0.10988330265959628,0.009307080617697448,5
noise_finance_vs_real_ett_daily,2,0.32449521631412503,0.07482244028469157,5
noise_ett_daily_vs_real_finance,2,0.3177077888215168,0.05902696778539945,5
noise_vs_noise,3,0.08027460806576674,0.006552378587390793,5
noise_finance_vs_real_ett_daily,3,0.3251279091666937,0.07587505334587807,5
noise_ett_daily_vs_real_finance,3,0.33559042039870735,0.0793933223222875,5
noise_vs_noise,4,0.11554702619867062,0.013812684812286728,5
noise_finance_vs_real_ett_daily,4,0.347806824041947,0.0852706896276397,5
noise_ett_daily_vs_real_finance,4,0.3173040744364124,0.06384710504923877,5
noise_vs_noise,5,0.10665824505494541,0.008924060820867403,5
noise_finance_vs_real_ett_daily,5,0.3208778674996115,0.0734930742978662,5
noise_ett_daily_vs_real_finance,5,0.3410361620394975,0.07194819089111516,5
noise_vs_noise,6,0.1131371000356993,0.015220444440700968,5
noise_finance_vs_real_ett_daily,6,0.3252707672402711,0.07827454543224814,5
noise_ett_daily_vs_real_finance,6,0.3536302258160297,0.09065685032164292,5
noise_vs_noise,7,0.10366048745170003,0.007290402009667303,5
noise_finance_vs_real_ett_daily,7,0.3230600808688213,0.07585271942339998,5
noise_ett_daily_vs_real_finance,7,0.3630638913567128,0.07905477721184292,5
noise_vs_noise,8,0.10518673739587188,0.007085086445001946,5
noise_finance_vs_real_ett_daily,8,0.310001608784855,0.07100849828094039,5
noise_ett_daily_vs_real_finance,8,0.3398469983705235,0.06555895475760848,5
noise_vs_noise,9,0.14080539429113303,0.011707435352993855,5
noise_finance_vs_real_ett_daily,9,0.32972073250445066,0.07573859257598939,5
noise_ett_daily_vs_real_finance,9,0.35869132692593675,0.07704631149073415,5
