comparison,replication,frobenius_norm,symmetrised_kl_bits
noise_vs_noise,0,1.2451960493897838,0.23984633334356215
noise_finance_vs_real_ett_daily,0,1.447697659795918,0.35603767911509754
noise_ett_daily_vs_real_finance,0,1.2387160927789418,0.35764784584078996
noise_vs_noise,1,0.9483092970984026,0.27323876932067737
noise_finance_vs_real_ett_daily,1,1.426530518840188,0.3671219779309224
noise_ett_daily_vs_real_finance,1,1.2022570278280271,0.3975078587261007
noise_vs_noise,2,0.8045553965722162,0.22743137511549807
noise_finance_vs_real_ett_daily,2,1.4031638723447375,0.3640369828001084
noise_ett_daily_vs_real_finance,2,1.2132183490401771,0.37674763223863406
noise_vs_noise,3,0.942404497392462,0.24144565919332972
noise_finance_vs_real_ett_daily,3,1.4684385942205245,0.3644110091939421
noise_ett_daily_vs_real_finance,3,1.330779911655813,0.3884387779608848
noise_vs_noise,4,1.5058904193055584,0.24929214856801934
noise_finance_vs_real_ett_daily,4,1.3623915921291778,0.36458465067302614
noise_ett_daily_vs_real_finance,4,1.222317285597644,0.3824980564118387
noise_vs_noise,5,0.9089626864578749,0.243231331702785
noise_finance_vs_real_ett_daily,5,1.4656220735667793,0.35624448878391357
noise_ett_daily_vs_real_finance,5,1.2035449117855739,0.40439002985130984
noise_vs_noise,6,0.6202147880686528,0.19847091781462833
noise_finance_vs_real_ett_daily,6,1.391754376051108,0.3518766498256257
noise_ett_daily_vs_real_finance,6,1.2113561947373972,0.41582284179103124
noise_vs_noise,7,0.852137680555686,0.21580526221001323
noise_finance_vs_real_ett_daily,7,1.4014349249705473,0.36105515299809077
noise_ett_daily_vs_real_finance,7,1.4035351884156275,0.45129075295149734
noise_vs_noise,8,0.7708061063379905,0.22253988759958432
noise_finance_vs_real_ett_daily,8,1.4759719576945185,0.35688043480270104
noise_ett_daily_vs_real_finance,8,1.2286658510097803,0.3484800745390386
noise_vs_noise,9,0.9321203836513038,0.23781948367244896
noise_finance_vs_real_ett_daily,9,1.5006847239418941,0.3700076585561439
noise_ett_daily_vs_real_finance,9,1.3026061002764542,0.383588484255183
